"id","name","department"
1,Karen,aliquam
2,Lela,quibusdam
3,Gardner,natus
4,Cleora,aut
5,Gia,et
6,Merritt,modi
7,Freeda,commodi
8,Esther,et
9,Gardner,illum
10,Jaquelin,optio
11,Destiney,explicabo
12,Josianne,aperiam
13,Ralph,esse
14,Dena,id
15,Lenore,fugiat
16,Jimmie,qui
17,Vivian,doloribus
18,Kailee,tempora
19,Molly,similique
20,Jayson,enim
21,Kimberly,ipsa
22,Gertrude,libero
23,Maud,tempore
24,Lucie,nihil
25,Carmella,voluptatum
26,Cleo,minima
27,Camila,a
28,Lonie,laborum
29,Dorcas,autem
30,Delaney,esse
31,Cheyanne,excepturi
32,Eddie,consectetur
33,Pamela,odit
34,Andreanne,libero
35,Elda,eum
36,Van,molestias
37,Jeremie,nostrum
38,Daisha,quam
39,Cecelia,modi
40,Amparo,autem
41,Osbaldo,et
42,Janelle,a
43,Arden,suscipit
44,Alejandrin,excepturi
45,Candace,accusantium
46,Tara,culpa
47,Emely,voluptatem
48,Retha,quos
49,Misael,quae
50,Jamar,corporis
51,Annabelle,rerum
52,Elouise,non
53,Anissa,sapiente
54,Shaniya,et
55,Freida,culpa
56,Yasmeen,excepturi
57,Thurman,ad
58,Lorine,tempora
59,Garrick,est
60,Zachariah,possimus
61,Montana,sed
62,Oceane,ipsa
63,Emerson,facilis
64,Abigail,molestias
65,Magnus,error
66,Rebekah,officia
67,Rod,fugit
68,Jarvis,dolorem
69,Lina,nesciunt
70,Taryn,nostrum
71,Jamey,id
72,Delilah,eaque
73,Berry,autem
74,Madyson,aut
75,Quincy,dolores
76,Mathew,id
77,Dillan,sequi
78,Maye,atque
79,Alexandre,sunt
80,Fay,temporibus
81,Eileen,ea
82,Shawna,quis
83,Wallace,voluptates
84,Renee,rerum
85,Khalil,sed
86,Haylie,qui
87,Immanuel,quo
88,Charley,porro
89,Katharina,ut
90,Maddison,nam
91,Jeff,dolore
92,Jerry,aspernatur
93,Troy,sed
94,Marietta,blanditiis
95,Isobel,et
96,Juliet,vero
97,Carolina,et
98,Tracey,mollitia
99,Elliott,consequatur
100,Rosendo,sint
